<?xml version="1.0" encoding="UTF-8" ?> <!-- This is a Reload version 2.5.5 SCORM 1.2 Content Package document  --> <!-- Spawned from the Reload Content Package Generator - http://www.reload.ac.uk  --> <manifest identifier="DOTEES-BFE3058C98E29DEBB28FE0F350ABE84E" xsi:schemaLocation="http://www.imsglobal.org/xsd/imscp_v1p1 imscp_v1p1.xsd http://ltsc.ieee.org/xsd/LOM lom.xsd http://www.adlnet.org/xsd/adlcp_v1p3 adlcp_v1p3.xsd http://www.imsglobal.org/xsd/imsss imsss_v1p0.xsd http://www.adlnet.org/xsd/adlseq_v1p3 adlseq_v1p3.xsd http://www.adlnet.org/xsd/adlnav_v1p3 adlnav_v1p3.xsd" xmlns="http://www.imsglobal.org/xsd/imscp_v1p1" xmlns:imsmd="http://ltsc.ieee.org/xsd/LOM" xmlns:xsi="http://www.w3.org/2001/XMLSchema-instance" xmlns:adlcp="http://www.adlnet.org/xsd/adlcp_v1p3" xmlns:imsss="http://www.imsglobal.org/xsd/imsss" xmlns:adlseq="http://www.adlnet.org/xsd/adlseq_v1p3" xmlns:adlnav="http://www.adlnet.org/xsd/adlnav_v1p3">
  <metadata>
    <schema>ADL SCORM</schema>
    <schemaversion>2004 3rd Edition</schemaversion>
  </metadata>
  <organizations default="ORG-BFE3058C98E29DEBB28FE0F350ABE84E">
    <organization identifier="ORG-BFE3058C98E29DEBB28FE0F350ABE84E" structure="hierarchical">
      <title>مفاهیم واصول یادگیری الکترونیکی</title>
      <item identifier="ITEM-6284544D9ACDF4B500F59A20003B856C" isvisible="true" identifierref="RES-D92A611FB163D2B1D3EB6831D9BF3B4F">
        <title>عنوان</title>
      </item>
      <item identifier="ITEM-83F8A6C0744C6651FCFAE32E455DF688" isvisible="true" identifierref="RES-6B224D29351EF9DA54B961E321A4517B">
        <title>فهرست مطالب</title>
      </item>
      <item identifier="ITEM-8FA3F84BF59A42C7639C4275FB6E1666" isvisible="true" identifierref="RES-C7E39C08AF5AFE4E34736AFE7189AD0B">
        <title>تعاریف و انواع:یادگیری الکترونیکی</title>
      </item>
      <item identifier="ITEM-4B8EDA2F7B12754A3DE23BBA97EF5A46" isvisible="true" identifierref="RES-97E59524987E39D4AD08077F128B2F8F">
        <title>تعاریف وانواع:عناصر کلیدی یادگیری الکترونیکی</title>
      </item>
      <item identifier="ITEM-654B834A43DA1277CF434A0A1CE83D53" isvisible="true" identifierref="RES-C9E9BB9F6AB8A52ACFF3A6B226148D0C">
        <title>تعاریف وانواع:ارتباط بر خط و نابرخط</title>
      </item>
      <item identifier="ITEM-B55DB850BC18B60B4B74EE461DF6E6DB" isvisible="true" identifierref="RES-6E42855378D8432E90E2EC4378C1FFFA">
        <title>تعاریف وانواع:یادگیری ترکیبی</title>
      </item>
      <item identifier="ITEM-360FF7ED14A3D326DEB35E97F9F6AC57" isvisible="true" identifierref="RES-AE1A6833BA45024E5D3AD9B41797FE4A">
        <title>تاریخچه رشد یادگیری الکترونیکی</title>
      </item>
      <item identifier="ITEM-AC79AA6694FD4C3FAAFDD9AF7169675E" isvisible="true" identifierref="RES-FCAD4202BA34C05C3155B5321182B246">
        <title>تاریخچه:نسل اول-مدل مکاتبه ای</title>
      </item>
      <item identifier="ITEM-F284628680022C18C6CE95BE3B6E5C84" isvisible="true" identifierref="RES-D719D4DA5B9B2F4E0A6308F1477C8EEC">
        <title>تاریخچه:نسل دوم-مدل چندرسانه ای</title>
      </item>
      <item identifier="ITEM-2505A67113F11DF8236DCA2586E755C5" isvisible="true" identifierref="RES-846B6BB384BDE9189902DA772B2B5DEC">
        <title>تاریخچه:نسل سوم-مدل یادگیری دور برد</title>
      </item>
      <item identifier="ITEM-06064393FC59680C69F8AC59F383EF5B" isvisible="true" identifierref="RES-4EE2A0B84FE923BE6A244E35404B67F8">
        <title>تاریخچه:نسل چهارم-مدل یادگیری انعطاف پذیر</title>
      </item>
      <item identifier="ITEM-56D9726577CBAAEE6DCEED6A8ABAD6C0" isvisible="true" identifierref="RES-B33A2445B3B825A96C8C43A951F47A8A">
        <title>تاریخچه:نسل پنجم-مدل یادگیری انعطاف پذیر هوشمند</title>
      </item>
      <item identifier="ITEM-136A0C3DE41EE1D69F23D24B0CFA91D4" isvisible="true" identifierref="RES-C5BCBAA6A63576A93947783641AA4C96">
        <title>عوامل رشد یادگیری الکترونیکی</title>
      </item>
      <item identifier="ITEM-8A526129AD48228C250E36EEE58320E4" isvisible="true" identifierref="RES-3E57CDB0003760FE99EA568250CFC051">
        <title>عناصر لازم برای سیستم یادگیری الکترونیکی</title>
      </item>
      <item identifier="ITEM-057775536D8A36EAECAF366CE1F5D880" isvisible="true" identifierref="RES-EF5DC28C3AFF3C8BE596D2401A286896">
        <title>نتیجه گیری</title>
      </item>
      <item identifier="ITEM-2948616711387830D79B2F9053C5370B" isvisible="true" identifierref="RES-D94B6BC4136099354801124CBE155AAB">
        <title>منابع</title>
      </item>
    </organization>
  </organizations>
  <resources>
    <resource identifier="RES-D92A611FB163D2B1D3EB6831D9BF3B4F" adlcp:scormtype="sco" type="webcontent" href="ahdafaa.html">
      <file href="ahdafaa.swf"/>
      <file href="ahdafaa.html"/>
      <file href="SCORM_API_wrapper.js"/>
      <file href="styles.css"/>
      <file href="swfobject.js"/>
      <file href="wwwimages/webIcon.ico"/>
      <file href="DoteesPlayer.swf"/>
    </resource>
    <resource identifier="RES-6B224D29351EF9DA54B961E321A4517B" adlcp:scormtype="sco" type="webcontent" href="1.html">
      <file href="1.swf"/>
      <file href="1.html"/>
      <file href="SCORM_API_wrapper.js"/>
      <file href="styles.css"/>
      <file href="swfobject.js"/>
      <file href="wwwimages/webIcon.ico"/>
      <file href="DoteesPlayer.swf"/>
    </resource>
    <resource identifier="RES-C7E39C08AF5AFE4E34736AFE7189AD0B" adlcp:scormtype="sco" type="webcontent" href="2.html">
      <file href="2.swf"/>
      <file href="2.html"/>
      <file href="SCORM_API_wrapper.js"/>
      <file href="styles.css"/>
      <file href="swfobject.js"/>
      <file href="wwwimages/webIcon.ico"/>
      <file href="DoteesPlayer.swf"/>
    </resource>
    <resource identifier="RES-97E59524987E39D4AD08077F128B2F8F" adlcp:scormtype="sco" type="webcontent" href="3.html">
      <file href="3.swf"/>
      <file href="3.html"/>
      <file href="SCORM_API_wrapper.js"/>
      <file href="styles.css"/>
      <file href="swfobject.js"/>
      <file href="wwwimages/webIcon.ico"/>
      <file href="DoteesPlayer.swf"/>
    </resource>
    <resource identifier="RES-C9E9BB9F6AB8A52ACFF3A6B226148D0C" adlcp:scormtype="sco" type="webcontent" href="4.html">
      <file href="4.swf"/>
      <file href="4.html"/>
      <file href="SCORM_API_wrapper.js"/>
      <file href="styles.css"/>
      <file href="swfobject.js"/>
      <file href="wwwimages/webIcon.ico"/>
      <file href="DoteesPlayer.swf"/>
    </resource>
    <resource identifier="RES-6E42855378D8432E90E2EC4378C1FFFA" adlcp:scormtype="sco" type="webcontent" href="5.html">
      <file href="5.swf"/>
      <file href="5.html"/>
      <file href="SCORM_API_wrapper.js"/>
      <file href="styles.css"/>
      <file href="swfobject.js"/>
      <file href="wwwimages/webIcon.ico"/>
      <file href="DoteesPlayer.swf"/>
    </resource>
    <resource identifier="RES-AE1A6833BA45024E5D3AD9B41797FE4A" adlcp:scormtype="sco" type="webcontent" href="6.html">
      <file href="6.swf"/>
      <file href="6.html"/>
      <file href="SCORM_API_wrapper.js"/>
      <file href="styles.css"/>
      <file href="swfobject.js"/>
      <file href="wwwimages/webIcon.ico"/>
      <file href="DoteesPlayer.swf"/>
    </resource>
    <resource identifier="RES-FCAD4202BA34C05C3155B5321182B246" adlcp:scormtype="sco" type="webcontent" href="7.html">
      <file href="7.swf"/>
      <file href="7.html"/>
      <file href="SCORM_API_wrapper.js"/>
      <file href="styles.css"/>
      <file href="swfobject.js"/>
      <file href="wwwimages/webIcon.ico"/>
      <file href="DoteesPlayer.swf"/>
    </resource>
    <resource identifier="RES-D719D4DA5B9B2F4E0A6308F1477C8EEC" adlcp:scormtype="sco" type="webcontent" href="8.html">
      <file href="8.swf"/>
      <file href="8.html"/>
      <file href="SCORM_API_wrapper.js"/>
      <file href="styles.css"/>
      <file href="swfobject.js"/>
      <file href="wwwimages/webIcon.ico"/>
      <file href="DoteesPlayer.swf"/>
    </resource>
    <resource identifier="RES-846B6BB384BDE9189902DA772B2B5DEC" adlcp:scormtype="sco" type="webcontent" href="9.html">
      <file href="9.swf"/>
      <file href="9.html"/>
      <file href="SCORM_API_wrapper.js"/>
      <file href="styles.css"/>
      <file href="swfobject.js"/>
      <file href="wwwimages/webIcon.ico"/>
      <file href="DoteesPlayer.swf"/>
    </resource>
    <resource identifier="RES-4EE2A0B84FE923BE6A244E35404B67F8" adlcp:scormtype="sco" type="webcontent" href="10.html">
      <file href="10.swf"/>
      <file href="10.html"/>
      <file href="SCORM_API_wrapper.js"/>
      <file href="styles.css"/>
      <file href="swfobject.js"/>
      <file href="wwwimages/webIcon.ico"/>
      <file href="DoteesPlayer.swf"/>
    </resource>
    <resource identifier="RES-B33A2445B3B825A96C8C43A951F47A8A" adlcp:scormtype="sco" type="webcontent" href="11.html">
      <file href="11.swf"/>
      <file href="11.html"/>
      <file href="SCORM_API_wrapper.js"/>
      <file href="styles.css"/>
      <file href="swfobject.js"/>
      <file href="wwwimages/webIcon.ico"/>
      <file href="DoteesPlayer.swf"/>
    </resource>
    <resource identifier="RES-C5BCBAA6A63576A93947783641AA4C96" adlcp:scormtype="sco" type="webcontent" href="12.html">
      <file href="12.swf"/>
      <file href="12.html"/>
      <file href="SCORM_API_wrapper.js"/>
      <file href="styles.css"/>
      <file href="swfobject.js"/>
      <file href="wwwimages/webIcon.ico"/>
      <file href="DoteesPlayer.swf"/>
    </resource>
    <resource identifier="RES-3E57CDB0003760FE99EA568250CFC051" adlcp:scormtype="sco" type="webcontent" href="14.html">
      <file href="14.swf"/>
      <file href="14.html"/>
      <file href="SCORM_API_wrapper.js"/>
      <file href="styles.css"/>
      <file href="swfobject.js"/>
      <file href="wwwimages/webIcon.ico"/>
      <file href="DoteesPlayer.swf"/>
    </resource>
    <resource identifier="RES-EF5DC28C3AFF3C8BE596D2401A286896" adlcp:scormtype="sco" type="webcontent" href="kholase.html">
      <file href="kholase.swf"/>
      <file href="kholase.html"/>
      <file href="SCORM_API_wrapper.js"/>
      <file href="styles.css"/>
      <file href="swfobject.js"/>
      <file href="wwwimages/webIcon.ico"/>
      <file href="DoteesPlayer.swf"/>
    </resource>
    <resource identifier="RES-D94B6BC4136099354801124CBE155AAB" adlcp:scormtype="sco" type="webcontent" href="References.html">
      <file href="References.swf"/>
      <file href="References.html"/>
      <file href="SCORM_API_wrapper.js"/>
      <file href="styles.css"/>
      <file href="swfobject.js"/>
      <file href="wwwimages/webIcon.ico"/>
      <file href="DoteesPlayer.swf"/>
    </resource>
  </resources>
</manifest>